KG id,KG name,KG SPARQL endpoint,RDF dump link,Ontology,F1-M Unique and persistent ID,F1-D URIs dereferenceability,F2a-M - Metadata availability via standard primary sources,F2b-M Metadata availability for all the attributes covered in the FAIR score computation,F3-M Data referrable via a DOI,F4-M Metadata registered in a searchable engine,F score,A1-D Working access point(s),A1-M Metadata availability via working primary sources,A1.2 Authentication & HTTPS support,A2-M Registered in search engines,A score,I1-D Standard & open representation format,I1-M Metadata are described with VoID/DCAT predicates,I2 Use of FAIR vocabularies,I3-D Degree of connection,I score,R1.1 Machine- or human-readable license retrievable via any primary source,"R1.2 Publisher information, such as authors, contributors, publishers, and sources",R1.3-D Data organized in a standardized way,R1.3-M Metadata are described with VoID/DCAT predicates,R score,FAIR score
bncf-ns,Thesaurus BNCF,http://digitale.bncf.firenze.sbn.it/openrdf-workbench/repositories/NS/query,"['https://github.com/m-pepe/BNCF-NS/blob/main/ns201803.zip', 'https://github.com/m-pepe/BNCF-NS/blob/main/ns201810.zip', 'https://github.com/m-pepe/BNCF-NS/blob/main/ns201904.zip', 'https://github.com/m-pepe/BNCF-NS/blob/main/ns201910.zip', 'https://github.com/m-pepe/BNCF-NS/blob/main/ns202004.zip', 'https://github.com/m-pepe/BNCF-NS/blob/main/ns202010.zip', 'https://github.com/m-pepe/BNCF-NS/blob/main/ns202104.zip', 'https://github.com/m-pepe/BNCF-NS/blob/main/ns202110.zip', 'https://github.com/m-pepe/BNCF-NS/blob/main/ns202203.zip', 'https://github.com/m-pepe/BNCF-NS/blob/main/ns202210.zip', 'https://github.com/m-pepe/BNCF-NS/blob/main/ns202303.zip', 'https://github.com/m-pepe/BNCF-NS/blob/main/ns202310.zip', 'https://github.com/m-pepe/BNCF-NS/blob/main/ns202403.zip', 'https://github.com/m-pepe/BNCF-NS/blob/main/ns202410.zip']",False,1,1.0,1,0.67,0,1,0.78,1.0,1,1.0,1,1.0,1,1,0.0,1,0.75,1,1,1,1,1.0,3.53
bncf-ns_refined,Thesaurus BNCF,http://digitale.bncf.firenze.sbn.it/openrdf-workbench/repositories/NS/query,"['https://github.com/m-pepe/BNCF-NS/blob/main/ns201803.zip', 'https://github.com/m-pepe/BNCF-NS/blob/main/ns201810.zip', 'https://github.com/m-pepe/BNCF-NS/blob/main/ns201904.zip', 'https://github.com/m-pepe/BNCF-NS/blob/main/ns201910.zip', 'https://github.com/m-pepe/BNCF-NS/blob/main/ns202004.zip', 'https://github.com/m-pepe/BNCF-NS/blob/main/ns202010.zip', 'https://github.com/m-pepe/BNCF-NS/blob/main/ns202104.zip', 'https://github.com/m-pepe/BNCF-NS/blob/main/ns202110.zip', 'https://github.com/m-pepe/BNCF-NS/blob/main/ns202203.zip', 'https://github.com/m-pepe/BNCF-NS/blob/main/ns202210.zip', 'https://github.com/m-pepe/BNCF-NS/blob/main/ns202303.zip', 'https://github.com/m-pepe/BNCF-NS/blob/main/ns202310.zip', 'https://github.com/m-pepe/BNCF-NS/blob/main/ns202403.zip', 'https://github.com/m-pepe/BNCF-NS/blob/main/ns202410.zip']",False,1,1.0,1,0.67,0,1,0.78,1.0,1,1.0,1,1.0,1,1,0.0,1,0.75,1,1,1,1,1.0,3.53
culturalinkeddata,CulturaLinkedData,http://cultura.linkeddata.es/sparql,[],False,1,0.0,1,0.33,0,1,0.56,0.0,1,0.0,1,0.5,1,0,0.0,0,0.25,1,1,1,0,0.75,2.06
culturalinkeddata_refined,CulturaLinkedData,https://datos.bne.es/sparql,[],False,1,0.0,1,0.33,0,1,0.56,1.0,1,1.0,1,1.0,1,0,0.0,0,0.25,1,1,1,0,0.75,2.56
data-incubator-discogs,Discogs in RDF,,[],False,1,0.0,1,0.56,0,1,0.59,1.0,1,0.0,1,0.75,1,0,0.0,1,0.5,1,1,1,0,0.75,2.59
data-incubator-discogs_refined,Discogs in RDF,,[],False,1,0.0,1,0.56,0,1,0.59,1.0,1,0.0,1,0.75,1,0,0.0,1,0.5,1,1,1,0,0.75,2.59
data-incubator-moseley,Moseley Folk Festival Data,http://api.talis.com/stores/moseley/services/sparql,[],False,1,0.0,1,0.67,0,1,0.61,1.0,1,0.0,1,0.75,1,1,0.0,1,0.75,1,1,1,1,1.0,3.11
data-incubator-moseley_refined,Moseley Folk Festival Data,http://api.talis.com/stores/moseley/services/sparql,[],False,1,0.0,1,0.67,0,1,0.61,1.0,1,0.0,1,0.75,1,1,0.0,1,0.75,1,1,1,1,1.0,3.11
dbtropes,DBTropes,,[],False,1,0.0,1,0.56,0,1,0.59,1.0,1,0.0,1,0.75,1,0,0.0,1,0.5,1,1,1,0,0.75,2.59
dbtropes_refined,DBTropes,,[],False,1,0.0,1,0.56,0,1,0.59,1.0,1,0.0,1,0.75,1,0,0.0,1,0.5,1,1,1,0,0.75,2.59
deutsche-biographie,Deutsche Biographie,http://ndb.publink.lod2.eu/sparql,[],False,1,0.0,1,0.56,0,1,0.59,1.0,1,0.0,1,0.75,1,0,0.0,1,0.5,1,1,1,0,0.75,2.59
deutsche-biographie_refined,Deutsche Biographie,https://data.deutsche-biographie.de/about/#sparql,[],False,1,0.0,1,0.56,0,1,0.59,1.0,1,0.0,1,0.75,1,0,0.0,1,0.5,1,1,1,0,0.75,2.59
dm2e,DM2E,,[],False,1,0.0,1,0.44,0,1,0.57,0.0,1,0.0,1,0.5,1,0,0.0,1,0.5,1,1,1,0,0.75,2.32
dm2e_refined,DM2E,,[],False,1,0.0,1,0.44,0,1,0.57,0.0,1,0.0,1,0.5,1,0,0.0,1,0.5,1,1,1,0,0.75,2.32
dutch-ships-and-sailors,Dutch Ships and Sailors,http://semanticweb.cs.vu.nl/dss/sparql/,[],False,1,0.0,1,0.56,0,1,0.59,0.0,1,0.0,1,0.5,1,0,0.0,1,0.5,1,1,1,0,0.75,2.34
dutch-ships-and-sailors_refined,Dutch Ships and Sailors,https://dutchshipsandsailors.nl/?page_id=50,[],False,1,0.0,1,0.56,0,1,0.59,0.5,1,0.0,1,0.62,1,0,0.0,1,0.5,1,1,1,0,0.75,2.46
enslaved.org,Enslaved.org,,['https://manta.matrix.msu.edu/msumatrix/public/exports/wikibase/2bde7b5b/latest.wikibase.dump.rdf.gz'],False,1,0.0,1,0.44,0,1,0.57,1.0,1,0.0,1,0.75,1,0,0.0,0,0.25,1,1,1,0,0.75,2.32
enslaved.org_refined,Enslaved.org,,['https://manta.matrix.msu.edu/msumatrix/public/exports/wikibase/2bde7b5b/latest.wikibase.dump.rdf.gz'],False,1,0.0,1,0.44,0,1,0.57,1.0,1,0.0,1,0.75,1,0,0.0,0,0.25,1,1,1,0,0.75,2.32
eventkg,EventKG,,[],False,1,0.0,1,0.44,0,1,0.57,0.0,1,0.0,1,0.5,1,0,0.0,1,0.5,1,1,1,0,0.75,2.32
eventkg_refined,EventKG,,[],False,1,0.0,1,0.44,0,1,0.57,0.0,1,0.0,1,0.5,1,0,0.0,1,0.5,1,1,1,0,0.75,2.32
geographic-names-information-system-gnis,Geographic Names Information System (GNIS),http://usgs-stko.geog.ucsb.edu:8080/sparql/select,[],False,1,0.0,1,0.44,0,1,0.57,0.0,1,0.0,1,0.5,1,0,0.0,1,0.5,1,1,1,0,0.75,2.32
geographic-names-information-system-gnis_refined,Geographic Names Information System (GNIS),https://gnis-ld.org/queries,[],False,1,0.0,1,0.44,0,1,0.57,0.5,1,0.0,1,0.62,1,0,0.0,1,0.5,1,1,1,0,0.75,2.44
gutenberg,Project Gutenberg,,[],False,1,0.0,1,0.56,0,1,0.59,1.0,1,0.0,1,0.75,1,0,0.0,1,0.5,1,1,1,0,0.75,2.59
gutenberg_refined,Project Gutenberg,,[],False,1,0.0,1,0.56,0,1,0.59,1.0,1,0.0,1,0.75,1,0,0.0,1,0.5,1,1,1,0,0.75,2.59
http:cultural-opposition.eu,COURAGE Dataset,http://courage.btk.mta.hu:3030/,[],False,1,0.0,1,0.44,0,1,0.57,0.0,1,0.0,1,0.5,1,0,0.0,0,0.25,1,1,1,0,0.75,2.07
http:cultural-opposition.eu_refined,COURAGE Dataset,http://courage.btk.mta.hu:3030/,[],False,1,0.0,1,0.44,0,1,0.57,0.0,1,0.0,1,0.5,1,0,0.0,0,0.25,1,1,1,0,0.75,2.07
hungarian-national-library-catalog,Hungarian National Library (NSZL) catalog,,[],False,1,0.0,1,0.56,0,1,0.59,0.0,1,0.0,1,0.5,1,0,0.0,1,0.5,1,1,1,0,0.75,2.34
hungarian-national-library-catalog_refined,Hungarian National Library (NSZL) catalog,http://setaria.oszk.hu/sparql,[],False,1,0.0,1,0.56,0,1,0.59,0.0,1,0.0,1,0.5,1,0,0.0,1,0.5,1,1,1,0,0.75,2.34
jita,JITA Classification System of Library and Information Science,http://202.73.13.50:55824/catalogs/performance/repositories/jita,[],False,1,0.0,1,0.89,0,1,0.65,1.0,1,0.0,1,0.75,1,1,1.0,1,1.0,1,1,1,1,1.0,3.4
jita_refined,JITA Classification System of Library and Information Science,http://202.73.13.50:55824/catalogs/performance/repositories/jita,[],False,1,0.0,1,0.89,0,1,0.65,1.0,1,0.0,1,0.75,1,1,1.0,1,1.0,1,1,1,1,1.0,3.4
lcsh,Library of Congress Subject Headings,,[],False,1,0.0,1,0.44,0,1,0.57,1.0,1,0.0,1,0.75,1,0,0.0,1,0.5,1,1,1,0,0.75,2.57
lcsh_refined,Library of Congress Subject Headings,,[],False,1,0.0,1,0.44,0,1,0.57,1.0,1,0.0,1,0.75,1,0,0.0,1,0.5,1,1,1,0,0.75,2.57
lcsubjects,LCSubjects.org Library of Congress Subject Headings,,[],False,1,0.0,1,0.33,0,1,0.56,0.0,1,0.0,1,0.5,1,0,0.0,1,0.5,1,1,1,0,0.75,2.31
lcsubjects_refined,LCSubjects.org Library of Congress Subject Headings,,[],False,1,0.0,1,0.33,0,1,0.56,0.0,1,0.0,1,0.5,1,0,0.0,1,0.5,1,1,1,0,0.75,2.31
pali-english-lexicon,Pali English Lexicon,http://api.kasabi.com/dataset/pali-english-lexicon/apis/sparql,[],False,1,0.0,1,0.56,0,1,0.59,1.0,1,0.0,1,0.75,1,1,0.0,0,0.5,1,1,1,1,1.0,2.84
pali-english-lexicon_refined,Pali English Lexicon,http://api.kasabi.com/dataset/pali-english-lexicon/apis/sparql,[],False,1,0.0,1,0.56,0,1,0.59,1.0,1,0.0,1,0.75,1,1,0.0,0,0.5,1,1,1,1,1.0,2.84
rism,Répertoire International des Sources Musicales - RISM,http://data.rism.info/sparql,[],False,1,0.0,1,0.67,0,1,0.61,1.0,1,1.0,1,1.0,1,0,0.0,1,0.5,1,1,1,0,0.75,2.86
rism_refined,Répertoire International des Sources Musicales - RISM,https://opac.rism.info/sparql-endpoint,[],False,1,0.0,1,0.67,0,1,0.61,1.0,1,1.0,1,1.0,1,0,0.0,1,0.5,1,1,1,0,0.75,2.86
roceeh-road,ROCEEH Out of Africa Database (ROAD),http://www.roceeh.uni-tuebingen.de:3030/road/sparql,[],False,1,0.0,1,0.44,0,1,0.57,1.0,1,1.0,1,1.0,1,0,0.0,1,0.5,1,1,1,0,0.75,2.82
roceeh-road_refined,ROCEEH Out of Africa Database (ROAD),http://www.roceeh.uni-tuebingen.de:3030/road/sparql,[],False,1,0.0,1,0.44,0,1,0.57,1.0,1,1.0,1,1.0,1,0,0.0,1,0.5,1,1,1,0,0.75,2.82
talis-openlibrary,Open Library data mirror in the Talis Platform,,[],False,1,0.0,1,0.56,0,1,0.59,0.0,1,0.0,1,0.5,1,0,0.0,1,0.5,1,1,1,0,0.75,2.34
talis-openlibrary_refined,Open Library data mirror in the Talis Platform,,[],False,1,0.0,1,0.56,0,1,0.59,0.0,1,0.0,1,0.5,1,0,0.0,1,0.5,1,1,1,0,0.75,2.34
the-european-library-open-dataset,The European Library Open Dataset,,[],False,1,0.0,1,0.56,0,1,0.59,1.0,1,0.0,1,0.75,1,0,0.0,1,0.5,1,1,1,0,0.75,2.59
the-european-library-open-dataset_refined,The European Library Open Dataset,https://sparql.europeana.eu/,[],False,1,0.0,1,0.67,0,1,0.61,1.0,1,1.0,1,1.0,1,1,0.0,1,0.75,1,1,1,1,1.0,3.36
zbw-pressemappe20,20th Century Press Archives,,[],False,1,0.0,1,0.33,0,1,0.56,0.0,1,0.0,1,0.5,1,1,0.0,1,0.75,1,1,1,1,1.0,2.81
zbw-pressemappe20_refined,20th Century Press Archives,https://zbw.eu/beta/sparql/pm20/query?,[],False,1,0.0002,1,0.44,0,1,0.57,1.0,1,1.0,1,1.0,1,1,0.0,1,0.75,1,1,1,1,1.0,3.32
